PRAGMA foreign_keys=OFF;
BEGIN TRANSACTION;
CREATE TABLE IF NOT EXISTS "django_migrations" ("id" integer NOT NULL PRIMARY KEY AUTOINCREMENT, "app" varchar(255) NOT NULL, "name" varchar(255) NOT NULL, "applied" datetime NOT NULL);
INSERT INTO django_migrations VALUES(1,'contenttypes','0001_initial','2024-06-03 21:37:23.992944');
INSERT INTO django_migrations VALUES(2,'auth','0001_initial','2024-06-03 21:37:24.006237');
INSERT INTO django_migrations VALUES(3,'admin','0001_initial','2024-06-03 21:37:24.021210');
INSERT INTO django_migrations VALUES(4,'admin','0002_logentry_remove_auto_add','2024-06-03 21:37:24.029928');
INSERT INTO django_migrations VALUES(5,'admin','0003_logentry_add_action_flag_choices','2024-06-03 21:37:24.039527');
INSERT INTO django_migrations VALUES(6,'contenttypes','0002_remove_content_type_name','2024-06-03 21:37:24.055672');
INSERT INTO django_migrations VALUES(7,'auth','0002_alter_permission_name_max_length','2024-06-03 21:37:24.063450');
INSERT INTO django_migrations VALUES(8,'auth','0003_alter_user_email_max_length','2024-06-03 21:37:24.073030');
INSERT INTO django_migrations VALUES(9,'auth','0004_alter_user_username_opts','2024-06-03 21:37:24.079737');
INSERT INTO django_migrations VALUES(10,'auth','0005_alter_user_last_login_null','2024-06-03 21:37:24.092354');
INSERT INTO django_migrations VALUES(11,'auth','0006_require_contenttypes_0002','2024-06-03 21:37:24.095057');
INSERT INTO django_migrations VALUES(12,'auth','0007_alter_validators_add_error_messages','2024-06-03 21:37:24.105224');
INSERT INTO django_migrations VALUES(13,'auth','0008_alter_user_username_max_length','2024-06-03 21:37:24.113079');
INSERT INTO django_migrations VALUES(14,'auth','0009_alter_user_last_name_max_length','2024-06-03 21:37:24.122718');
INSERT INTO django_migrations VALUES(15,'auth','0010_alter_group_name_max_length','2024-06-03 21:37:24.130961');
INSERT INTO django_migrations VALUES(16,'auth','0011_update_proxy_permissions','2024-06-03 21:37:24.137103');
INSERT INTO django_migrations VALUES(17,'auth','0012_alter_user_first_name_max_length','2024-06-03 21:37:24.143954');
INSERT INTO django_migrations VALUES(18,'sessions','0001_initial','2024-06-03 21:37:24.149971');
INSERT INTO django_migrations VALUES(19,'coach','0001_initial','2024-06-03 21:53:51.677267');
INSERT INTO django_migrations VALUES(20,'client','0001_initial','2024-06-03 21:53:51.694756');
INSERT INTO django_migrations VALUES(21,'client','0002_alter_client_coach','2024-06-05 06:41:44.374742');
INSERT INTO django_migrations VALUES(22,'training','0001_initial','2024-06-05 06:41:44.409265');
INSERT INTO django_migrations VALUES(23,'training','0002_namedgroup_components_alter_onlinetraining_month_and_more','2024-06-05 06:49:37.901051');
INSERT INTO django_migrations VALUES(24,'training','0003_grouptraining_components','2024-06-05 07:05:25.279892');
INSERT INTO django_migrations VALUES(25,'training','0004_alter_grouptraining_components_and_more','2024-06-05 07:27:58.857807');
INSERT INTO django_migrations VALUES(26,'coach','0002_coach_first_name_coach_last_name','2024-06-05 09:47:32.616140');
INSERT INTO django_migrations VALUES(27,'client','0003_client_first_name_client_last_name_and_more','2024-06-05 09:47:32.663300');
INSERT INTO django_migrations VALUES(28,'training','0005_alter_grouptraining_components_and_more','2024-06-05 09:47:32.679299');
INSERT INTO django_migrations VALUES(29,'exercise','0001_initial','2024-06-05 12:02:00.081762');
INSERT INTO django_migrations VALUES(30,'exercise','0002_alter_method_name_alter_musculargroup_name_and_more','2024-06-05 12:04:23.173979');
INSERT INTO django_migrations VALUES(31,'training','0006_onlinetraining_exercises_set','2024-06-05 16:58:00.002826');
INSERT INTO django_migrations VALUES(32,'training','0007_remove_onlinetraining_exercises_set','2024-06-05 17:03:19.124121');
INSERT INTO django_migrations VALUES(33,'exercise','0003_onlineexerciseset','2024-06-05 17:03:19.149675');
INSERT INTO django_migrations VALUES(34,'training','0008_alter_basepersonaltraining_duration','2024-06-05 18:00:01.367516');
INSERT INTO django_migrations VALUES(35,'exercise','0004_alter_exerciseset_rest_groupexerciseset','2024-06-05 18:00:01.408059');
INSERT INTO django_migrations VALUES(36,'exercise','0005_remove_groupexerciseset_group_training_groupset_and_more','2024-06-05 19:31:43.054284');
INSERT INTO django_migrations VALUES(37,'exercise','0006_remove_groupexerciseset_group_set_and_more','2024-06-05 19:39:21.255949');
INSERT INTO django_migrations VALUES(38,'reports','0001_initial','2024-06-06 17:05:11.719544');
INSERT INTO django_migrations VALUES(39,'reports','0002_alter_report_date_alter_report_diet_changes_and_more','2024-06-06 17:11:07.042353');
INSERT INTO django_migrations VALUES(40,'reports','0003_alter_report_front_picture_and_more','2024-06-06 17:35:21.523039');
INSERT INTO django_migrations VALUES(41,'reports','0004_alter_report_front_picture_and_more','2024-06-06 17:38:52.302033');
INSERT INTO django_migrations VALUES(42,'training','0009_grouptraining_group_coach','2024-06-07 12:17:03.114913');
INSERT INTO django_migrations VALUES(43,'client','0004_alter_client_options','2024-06-13 15:23:28.328636');
INSERT INTO django_migrations VALUES(44,'coach','0003_alter_coach_options','2024-06-13 15:23:28.338915');
INSERT INTO django_migrations VALUES(45,'exercise','0007_alter_exercise_options_alter_method_options_and_more','2024-06-13 15:23:28.350597');
INSERT INTO django_migrations VALUES(46,'reports','0005_alter_report_options','2024-06-13 15:23:28.361304');
INSERT INTO django_migrations VALUES(47,'training','0010_alter_grouptraining_options_alter_namedgroup_options_and_more','2024-06-13 15:23:28.380596');
CREATE TABLE IF NOT EXISTS "auth_group_permissions" ("id" integer NOT NULL PRIMARY KEY AUTOINCREMENT, "group_id" integer NOT NULL REFERENCES "auth_group" ("id") DEFERRABLE INITIALLY DEFERRED, "permission_id" integer NOT NULL REFERENCES "auth_permission" ("id") DEFERRABLE INITIALLY DEFERRED);
INSERT INTO auth_group_permissions VALUES(1,1,25);
INSERT INTO auth_group_permissions VALUES(2,1,26);
INSERT INTO auth_group_permissions VALUES(3,1,28);
INSERT INTO auth_group_permissions VALUES(4,1,33);
INSERT INTO auth_group_permissions VALUES(5,1,34);
INSERT INTO auth_group_permissions VALUES(6,1,35);
INSERT INTO auth_group_permissions VALUES(7,1,36);
INSERT INTO auth_group_permissions VALUES(8,1,37);
INSERT INTO auth_group_permissions VALUES(9,1,38);
INSERT INTO auth_group_permissions VALUES(10,1,39);
INSERT INTO auth_group_permissions VALUES(11,1,40);
INSERT INTO auth_group_permissions VALUES(12,1,41);
INSERT INTO auth_group_permissions VALUES(13,1,42);
INSERT INTO auth_group_permissions VALUES(14,1,43);
INSERT INTO auth_group_permissions VALUES(15,1,44);
INSERT INTO auth_group_permissions VALUES(16,1,45);
INSERT INTO auth_group_permissions VALUES(17,1,46);
INSERT INTO auth_group_permissions VALUES(18,1,47);
INSERT INTO auth_group_permissions VALUES(19,1,48);
INSERT INTO auth_group_permissions VALUES(20,1,49);
INSERT INTO auth_group_permissions VALUES(21,1,50);
INSERT INTO auth_group_permissions VALUES(22,1,51);
INSERT INTO auth_group_permissions VALUES(23,1,52);
INSERT INTO auth_group_permissions VALUES(24,1,53);
INSERT INTO auth_group_permissions VALUES(25,1,54);
INSERT INTO auth_group_permissions VALUES(26,1,55);
INSERT INTO auth_group_permissions VALUES(27,1,56);
INSERT INTO auth_group_permissions VALUES(28,1,57);
INSERT INTO auth_group_permissions VALUES(29,1,58);
INSERT INTO auth_group_permissions VALUES(30,1,60);
INSERT INTO auth_group_permissions VALUES(31,1,61);
INSERT INTO auth_group_permissions VALUES(32,1,62);
INSERT INTO auth_group_permissions VALUES(33,1,64);
INSERT INTO auth_group_permissions VALUES(34,1,65);
INSERT INTO auth_group_permissions VALUES(35,1,66);
INSERT INTO auth_group_permissions VALUES(36,1,68);
INSERT INTO auth_group_permissions VALUES(37,1,69);
INSERT INTO auth_group_permissions VALUES(38,1,70);
INSERT INTO auth_group_permissions VALUES(39,1,72);
INSERT INTO auth_group_permissions VALUES(40,1,73);
INSERT INTO auth_group_permissions VALUES(41,1,74);
INSERT INTO auth_group_permissions VALUES(42,1,75);
INSERT INTO auth_group_permissions VALUES(43,1,76);
INSERT INTO auth_group_permissions VALUES(44,1,77);
INSERT INTO auth_group_permissions VALUES(45,1,78);
INSERT INTO auth_group_permissions VALUES(46,1,79);
INSERT INTO auth_group_permissions VALUES(47,1,80);
INSERT INTO auth_group_permissions VALUES(48,1,81);
INSERT INTO auth_group_permissions VALUES(49,1,82);
INSERT INTO auth_group_permissions VALUES(50,1,83);
INSERT INTO auth_group_permissions VALUES(51,1,84);
INSERT INTO auth_group_permissions VALUES(52,1,88);
INSERT INTO auth_group_permissions VALUES(53,2,16);
INSERT INTO auth_group_permissions VALUES(54,2,20);
INSERT INTO auth_group_permissions VALUES(55,2,28);
INSERT INTO auth_group_permissions VALUES(56,2,32);
INSERT INTO auth_group_permissions VALUES(57,2,36);
INSERT INTO auth_group_permissions VALUES(58,2,40);
INSERT INTO auth_group_permissions VALUES(59,2,44);
INSERT INTO auth_group_permissions VALUES(60,2,48);
INSERT INTO auth_group_permissions VALUES(61,2,52);
INSERT INTO auth_group_permissions VALUES(62,2,56);
INSERT INTO auth_group_permissions VALUES(63,2,60);
INSERT INTO auth_group_permissions VALUES(64,2,64);
INSERT INTO auth_group_permissions VALUES(65,2,68);
INSERT INTO auth_group_permissions VALUES(66,2,72);
INSERT INTO auth_group_permissions VALUES(67,2,76);
INSERT INTO auth_group_permissions VALUES(68,2,80);
INSERT INTO auth_group_permissions VALUES(69,2,84);
INSERT INTO auth_group_permissions VALUES(70,2,85);
INSERT INTO auth_group_permissions VALUES(71,2,86);
INSERT INTO auth_group_permissions VALUES(72,2,88);
CREATE TABLE IF NOT EXISTS "auth_user_groups" ("id" integer NOT NULL PRIMARY KEY AUTOINCREMENT, "user_id" integer NOT NULL REFERENCES "auth_user" ("id") DEFERRABLE INITIALLY DEFERRED, "group_id" integer NOT NULL REFERENCES "auth_group" ("id") DEFERRABLE INITIALLY DEFERRED);
INSERT INTO auth_user_groups VALUES(1,5,2);
INSERT INTO auth_user_groups VALUES(2,6,1);
INSERT INTO auth_user_groups VALUES(3,8,2);
INSERT INTO auth_user_groups VALUES(4,9,1);
INSERT INTO auth_user_groups VALUES(5,2,2);
INSERT INTO auth_user_groups VALUES(6,4,2);
INSERT INTO auth_user_groups VALUES(7,3,1);
CREATE TABLE IF NOT EXISTS "auth_user_user_permissions" ("id" integer NOT NULL PRIMARY KEY AUTOINCREMENT, "user_id" integer NOT NULL REFERENCES "auth_user" ("id") DEFERRABLE INITIALLY DEFERRED, "permission_id" integer NOT NULL REFERENCES "auth_permission" ("id") DEFERRABLE INITIALLY DEFERRED);
CREATE TABLE IF NOT EXISTS "django_admin_log" ("id" integer NOT NULL PRIMARY KEY AUTOINCREMENT, "object_id" text NULL, "object_repr" varchar(200) NOT NULL, "action_flag" smallint unsigned NOT NULL CHECK ("action_flag" >= 0), "change_message" text NOT NULL, "content_type_id" integer NULL REFERENCES "django_content_type" ("id") DEFERRABLE INITIALLY DEFERRED, "user_id" integer NOT NULL REFERENCES "auth_user" ("id") DEFERRABLE INITIALLY DEFERRED, "action_time" datetime NOT NULL);
INSERT INTO django_admin_log VALUES(1,'2','Prueba-cli',1,'[{"added": {}}]',4,1,'2024-06-03 21:56:21.055663');
INSERT INTO django_admin_log VALUES(2,'3','Prueba-co',1,'[{"added": {}}]',4,1,'2024-06-03 21:56:48.820597');
INSERT INTO django_admin_log VALUES(3,'1','Coach object (1)',1,'[{"added": {}}]',8,1,'2024-06-03 21:57:59.386423');
INSERT INTO django_admin_log VALUES(4,'1','Client object (1)',1,'[{"added": {}}]',7,1,'2024-06-03 21:58:25.366503');
INSERT INTO django_admin_log VALUES(5,'4','Prueba-cli2',1,'[{"added": {}}]',4,1,'2024-06-04 17:08:58.479417');
INSERT INTO django_admin_log VALUES(6,'2','Prueba-cli2',1,'[{"added": {}}]',7,1,'2024-06-04 17:10:58.509698');
INSERT INTO django_admin_log VALUES(7,'1',' Javi y Jaime',1,'[{"added": {}}]',9,1,'2024-06-05 06:42:18.784457');
INSERT INTO django_admin_log VALUES(8,'2',' VIernes 9',1,'[{"added": {}}]',9,1,'2024-06-05 06:42:28.751700');
INSERT INTO django_admin_log VALUES(9,'1','   | 6.2024',1,'[{"added": {}}]',11,1,'2024-06-05 06:43:49.206145');
INSERT INTO django_admin_log VALUES(10,'1','  Javi y Jaime | 2024-06-07 | 10:00 ',1,'[{"added": {}}]',12,1,'2024-06-05 06:44:33.828193');
INSERT INTO django_admin_log VALUES(11,'1','  Javi y Jaime | 2024-06-07 | 10:00 ',2,'[]',12,1,'2024-06-05 06:44:52.410543');
INSERT INTO django_admin_log VALUES(12,'3',' New',1,'[{"added": {}}]',9,1,'2024-06-05 06:50:55.191300');
INSERT INTO django_admin_log VALUES(13,'1',' Javi y Jaime',2,'[{"changed": {"fields": ["Components"]}}]',9,1,'2024-06-05 06:53:01.101447');
INSERT INTO django_admin_log VALUES(14,'1',' Javi y Jaime',2,'[{"changed": {"fields": ["Components"]}}]',9,1,'2024-06-05 06:53:08.364717');
INSERT INTO django_admin_log VALUES(15,'4',' Otro',1,'[{"added": {}}]',9,1,'2024-06-05 07:15:15.829571');
INSERT INTO django_admin_log VALUES(16,'2','  Otro | 2024-06-05 | 2:00 ',1,'[{"added": {}}]',12,1,'2024-06-05 07:33:32.573306');
INSERT INTO django_admin_log VALUES(17,'2','  Otro | 2024-06-05 | 2:00 ',2,'[{"changed": {"fields": ["Clientes extra"]}}]',12,1,'2024-06-05 07:37:41.011916');
INSERT INTO django_admin_log VALUES(18,'3','  Otro | 2024-06-05 | 1:00 ',1,'[{"added": {}}]',12,1,'2024-06-05 07:47:26.278500');
INSERT INTO django_admin_log VALUES(19,'3',' 2024-06-05 | 1:00',2,'[{"changed": {"fields": ["Grupo nombrado"]}}]',12,1,'2024-06-05 07:47:45.342805');
INSERT INTO django_admin_log VALUES(20,'2',' 2024-06-05 | 2:00',2,'[{"changed": {"fields": ["Grupo nombrado", "Clientes extra"]}}]',12,1,'2024-06-05 09:24:14.896563');
INSERT INTO django_admin_log VALUES(21,'3','  Javi y Jaime | 2024-06-05 | 1:00 ',2,'[{"changed": {"fields": ["Grupo nombrado"]}}]',12,1,'2024-06-05 09:31:24.210873');
INSERT INTO django_admin_log VALUES(22,'3',' 2024-06-05 | 1:00',2,'[{"changed": {"fields": ["Grupo nombrado", "Clientes extra"]}}]',12,1,'2024-06-05 09:31:53.949467');
INSERT INTO django_admin_log VALUES(23,'1','Prueba-cli',2,'[{"changed": {"fields": ["Nombre", "Apellidos"]}}]',7,1,'2024-06-05 09:48:04.290867');
INSERT INTO django_admin_log VALUES(24,'2','Prueba-cli2',2,'[{"changed": {"fields": ["Nombre", "Apellidos"]}}]',7,1,'2024-06-05 09:48:21.744399');
INSERT INTO django_admin_log VALUES(25,'1','Prueba-co',2,'[{"changed": {"fields": ["Nombre", "Apellidos"]}}]',8,1,'2024-06-05 09:48:42.505004');
INSERT INTO django_admin_log VALUES(26,'5',' Otro',1,'[{"added": {}}]',9,1,'2024-06-05 11:56:10.981185');
INSERT INTO django_admin_log VALUES(27,'2',' VIernes 9',3,'',9,1,'2024-06-05 11:56:23.113572');
INSERT INTO django_admin_log VALUES(28,'4',' Otro',3,'',9,1,'2024-06-05 11:56:30.336330');
INSERT INTO django_admin_log VALUES(29,'1','WARM UP',1,'[{"added": {}}]',16,1,'2024-06-05 12:02:52.404250');
INSERT INTO django_admin_log VALUES(30,'2','ACT',1,'[{"added": {}}]',16,1,'2024-06-05 12:02:57.166774');
INSERT INTO django_admin_log VALUES(31,'3','PRESS',1,'[{"added": {}}]',16,1,'2024-06-05 12:03:00.832694');
INSERT INTO django_admin_log VALUES(32,'4','PULL',1,'[{"added": {}}]',16,1,'2024-06-05 12:03:05.662252');
INSERT INTO django_admin_log VALUES(33,'5','LEGS',1,'[{"added": {}}]',16,1,'2024-06-05 12:03:11.000438');
INSERT INTO django_admin_log VALUES(34,'6','LEGS',1,'[{"added": {}}]',16,1,'2024-06-05 12:03:26.512718');
INSERT INTO django_admin_log VALUES(35,'6','LEGS',3,'',16,1,'2024-06-05 12:03:38.119562');
INSERT INTO django_admin_log VALUES(36,'6','PUSH',1,'[{"added": {}}]',16,1,'2024-06-05 12:04:58.660071');
INSERT INTO django_admin_log VALUES(37,'7','HIIT',1,'[{"added": {}}]',16,1,'2024-06-05 12:05:07.013424');
INSERT INTO django_admin_log VALUES(38,'8','PLYO',1,'[{"added": {}}]',16,1,'2024-06-05 12:05:14.904662');
INSERT INTO django_admin_log VALUES(39,'9','POT',1,'[{"added": {}}]',16,1,'2024-06-05 12:05:19.693387');
INSERT INTO django_admin_log VALUES(40,'10','FUERZA',1,'[{"added": {}}]',16,1,'2024-06-05 12:05:24.814832');
INSERT INTO django_admin_log VALUES(41,'11','ISQUIO',1,'[{"added": {}}]',16,1,'2024-06-05 12:05:51.430484');
INSERT INTO django_admin_log VALUES(42,'12','GLÚTEO',1,'[{"added": {}}]',16,1,'2024-06-05 12:06:04.190891');
INSERT INTO django_admin_log VALUES(43,'13','RETURN TO PLAY',1,'[{"added": {}}]',16,1,'2024-06-05 12:06:32.671292');
INSERT INTO django_admin_log VALUES(44,'14','GL',1,'[{"added": {}}]',16,1,'2024-06-05 12:06:54.724272');
INSERT INTO django_admin_log VALUES(45,'12','GLÚTEO',3,'',16,1,'2024-06-05 12:07:17.737614');
INSERT INTO django_admin_log VALUES(46,'1','Lineal',1,'[{"added": {}}]',15,1,'2024-06-05 12:08:52.501719');
INSERT INTO django_admin_log VALUES(47,'2','Descendente',1,'[{"added": {}}]',15,1,'2024-06-05 12:09:18.045481');
INSERT INTO django_admin_log VALUES(48,'3','Tempo',1,'[{"added": {}}]',15,1,'2024-06-05 12:09:33.661847');
INSERT INTO django_admin_log VALUES(49,'4','Dead Stop',1,'[{"added": {}}]',15,1,'2024-06-05 12:09:49.762784');
INSERT INTO django_admin_log VALUES(50,'5','Rest Pause',1,'[{"added": {}}]',15,1,'2024-06-05 12:10:05.958155');
INSERT INTO django_admin_log VALUES(51,'6','Myo Reps',1,'[{"added": {}}]',15,1,'2024-06-05 12:10:20.841714');
INSERT INTO django_admin_log VALUES(52,'7','FST7',1,'[{"added": {}}]',15,1,'2024-06-05 12:10:42.835171');
INSERT INTO django_admin_log VALUES(53,'1','ESPALDA',1,'[{"added": {}}]',18,1,'2024-06-05 12:11:19.647577');
INSERT INTO django_admin_log VALUES(54,'2','PECTORAL',1,'[{"added": {}}]',18,1,'2024-06-05 12:11:27.808199');
INSERT INTO django_admin_log VALUES(55,'3','HOMBRO',1,'[{"added": {}}]',18,1,'2024-06-05 12:11:35.416385');
INSERT INTO django_admin_log VALUES(56,'4','BÍCEPS',1,'[{"added": {}}]',18,1,'2024-06-05 12:11:41.687357');
INSERT INTO django_admin_log VALUES(57,'5','TRÍCEPS',1,'[{"added": {}}]',18,1,'2024-06-05 12:11:54.530724');
INSERT INTO django_admin_log VALUES(58,'6','CUÁDRICEPS',1,'[{"added": {}}]',18,1,'2024-06-05 12:12:03.695492');
INSERT INTO django_admin_log VALUES(59,'7','ISQUIOS',1,'[{"added": {}}]',18,1,'2024-06-05 12:12:14.600275');
INSERT INTO django_admin_log VALUES(60,'8','GLÚTEO',1,'[{"added": {}}]',18,1,'2024-06-05 12:12:28.618959');
INSERT INTO django_admin_log VALUES(61,'9','GEMELO_SÓLEO',1,'[{"added": {}}]',18,1,'2024-06-05 12:12:37.282400');
INSERT INTO django_admin_log VALUES(62,'1','Dominadas neutras',1,'[{"added": {}}]',17,1,'2024-06-05 12:14:10.987174');
INSERT INTO django_admin_log VALUES(63,'1','Dominadas neutras',2,'[]',17,1,'2024-06-05 12:14:36.801652');
INSERT INTO django_admin_log VALUES(64,'2','Jalón 1 mano con anilla',1,'[{"added": {}}]',17,1,'2024-06-05 12:15:01.111757');
INSERT INTO django_admin_log VALUES(65,'3','Jalón al pecho neutro',1,'[{"added": {}}]',17,1,'2024-06-05 12:15:20.488795');
INSERT INTO django_admin_log VALUES(66,'4','Aperturas con mancuernas',1,'[{"added": {}}]',17,1,'2024-06-05 12:15:43.620433');
INSERT INTO django_admin_log VALUES(67,'5','Elevaciones laterales mancuernas',1,'[{"added": {}}]',17,1,'2024-06-05 12:16:12.441741');
INSERT INTO django_admin_log VALUES(68,'6','Martillo con mancuernas',1,'[{"added": {}}]',17,1,'2024-06-05 12:16:45.437039');
INSERT INTO django_admin_log VALUES(69,'7','Extensión trasnuca mancuerna 1 mano',1,'[{"added": {}}]',17,1,'2024-06-05 12:17:04.645650');
INSERT INTO django_admin_log VALUES(70,'8','Jaca',1,'[{"added": {}}]',17,1,'2024-06-05 12:17:22.836395');
INSERT INTO django_admin_log VALUES(71,'8','Jaca',2,'[{"changed": {"fields": ["Grupo muscular"]}}]',17,1,'2024-06-05 12:17:39.262040');
INSERT INTO django_admin_log VALUES(72,'9','Curl femoral de pie',1,'[{"added": {}}]',17,1,'2024-06-05 12:18:02.420875');
INSERT INTO django_admin_log VALUES(73,'10','Hip Thrust',1,'[{"added": {}}]',17,1,'2024-06-05 12:18:19.835442');
INSERT INTO django_admin_log VALUES(74,'11','Sumo DL Landmine',1,'[{"added": {}}]',17,1,'2024-06-05 12:18:44.634300');
INSERT INTO django_admin_log VALUES(75,'12','Elevación de talones en Step',1,'[{"added": {}}]',17,1,'2024-06-05 12:19:12.078943');
INSERT INTO django_admin_log VALUES(76,'1',' Cliente1 Primer cliente | 6/2024 | semana 1',2,'[{"changed": {"fields": ["Descripci\u00f3n", "Duraci\u00f3n", "Semana"]}}, {"added": {"name": "online exercise set", "object": "Curl femoral de pie | 2x30'''' | 3 x 20''''"}}]',11,1,'2024-06-05 17:44:01.996513');
INSERT INTO django_admin_log VALUES(77,'1',' Cliente1 Primer cliente | 6/2024 | semana 1',2,'[{"added": {"name": "online exercise set", "object": "Martillo con mancuernas | 10x20'''' | 4x10''''"}}]',11,1,'2024-06-05 17:44:21.965227');
INSERT INTO django_admin_log VALUES(78,'1',' Cliente1 Primer cliente | 6/2024 | semana 1',2,'[{"added": {"name": "online exercise set", "object": "Sumo DL Landmine | tgtgt"}}]',11,1,'2024-06-05 17:45:08.550091');
INSERT INTO django_admin_log VALUES(79,'1',' Cliente1 Primer cliente | 6/2024 | semana 1',2,'[{"deleted": {"name": "online exercise set", "object": "Sumo DL Landmine | tgtgt"}}]',11,1,'2024-06-05 17:45:26.068866');
INSERT INTO django_admin_log VALUES(80,'1',' Cliente1 Primer cliente | 6/2024',2,'[{"changed": {"fields": ["Semana"]}}]',11,1,'2024-06-05 17:45:39.841121');
INSERT INTO django_admin_log VALUES(81,'4','Aperturas con mancuernas',2,'[{"changed": {"fields": ["Descripci\u00f3n"]}}]',17,1,'2024-06-05 17:50:30.160083');
INSERT INTO django_admin_log VALUES(82,'3',' 2024-06-05 | 1:00',2,'[]',12,1,'2024-06-05 19:56:05.040825');
INSERT INTO django_admin_log VALUES(83,'1','Report object (1)',1,'[{"added": {}}]',22,1,'2024-06-06 17:12:11.956206');
INSERT INTO django_admin_log VALUES(84,'1','Report object (1)',2,'[{"changed": {"fields": ["Foto frontal", "Foto lateral derecha", "Foto lateral izquierda"]}}]',22,1,'2024-06-06 17:35:49.953282');
INSERT INTO django_admin_log VALUES(85,'1','Report object (1)',2,'[{"changed": {"fields": ["Foto frontal", "Foto lateral derecha", "Foto lateral izquierda"]}}]',22,1,'2024-06-06 17:39:43.993741');
INSERT INTO django_admin_log VALUES(86,'1','Reporte Cliente1 Primer cliente 2024-06-06',2,'[{"changed": {"fields": ["Cambios en la dieta", "Observaciones del entrenamiento", "Otras observaciones"]}}]',22,1,'2024-06-06 17:53:38.215080');
INSERT INTO django_admin_log VALUES(87,'1','Cliente1 Primer cliente',2,'[{"changed": {"name": "report", "object": "Reporte Cliente1 Primer cliente 2024-06-06", "fields": ["Peso"]}}]',7,1,'2024-06-06 19:03:02.559874');
INSERT INTO django_admin_log VALUES(88,'5','PedroPE',1,'[{"added": {}}]',4,1,'2024-06-07 11:21:12.593900');
INSERT INTO django_admin_log VALUES(89,'6','SergioGV',1,'[{"added": {}}]',4,1,'2024-06-07 11:22:39.570139');
INSERT INTO django_admin_log VALUES(90,'2','Sergio González',1,'[{"added": {}}]',8,1,'2024-06-07 11:22:53.858141');
INSERT INTO django_admin_log VALUES(91,'3','Pedro Pérez Escribano',1,'[{"added": {}}]',7,1,'2024-06-07 11:24:24.698733');
INSERT INTO django_admin_log VALUES(92,'3','Pedro Pérez Escribano',2,'[{"changed": {"fields": ["Fecha de nacimiento"]}}]',7,1,'2024-06-07 11:24:54.782913');
INSERT INTO django_admin_log VALUES(93,'1','Coach',1,'[{"added": {}}]',3,1,'2024-06-07 11:32:38.786341');
INSERT INTO django_admin_log VALUES(94,'2','Client',1,'[{"added": {}}]',3,1,'2024-06-07 11:34:24.123466');
INSERT INTO django_admin_log VALUES(95,'5','PedroPE',2,'[{"changed": {"fields": ["Groups"]}}]',4,1,'2024-06-07 11:35:02.739724');
INSERT INTO django_admin_log VALUES(96,'6','SergioGV',2,'[{"changed": {"fields": ["Groups"]}}]',4,1,'2024-06-07 11:35:30.035747');
INSERT INTO django_admin_log VALUES(97,'6','SergioGV',2,'[{"changed": {"fields": ["password"]}}]',4,1,'2024-06-07 11:37:15.669866');
INSERT INTO django_admin_log VALUES(98,'6','sergio',2,'[{"changed": {"fields": ["Username"]}}]',4,1,'2024-06-07 11:38:26.406646');
INSERT INTO django_admin_log VALUES(99,'6','sergio',2,'[{"changed": {"fields": ["password"]}}]',4,1,'2024-06-07 11:39:19.665760');
INSERT INTO django_admin_log VALUES(100,'6','sergio',2,'[{"changed": {"fields": ["First name", "Last name", "Staff status"]}}]',4,1,'2024-06-07 11:39:52.787949');
INSERT INTO django_admin_log VALUES(101,'3','Prueba-co',2,'[{"changed": {"fields": ["Staff status"]}}]',4,1,'2024-06-10 17:00:12.871034');
INSERT INTO django_admin_log VALUES(102,'7','BelenBRC',3,'',4,1,'2024-06-10 17:11:45.297112');
INSERT INTO django_admin_log VALUES(103,'2','Prueba-cli',2,'[{"changed": {"fields": ["Groups"]}}]',4,1,'2024-06-10 17:45:52.817594');
INSERT INTO django_admin_log VALUES(104,'4','Prueba-cli2',2,'[{"changed": {"fields": ["Groups"]}}]',4,1,'2024-06-10 17:46:02.165605');
INSERT INTO django_admin_log VALUES(105,'3','Prueba-co',2,'[{"changed": {"fields": ["Groups"]}}]',4,1,'2024-06-10 17:46:17.110858');
INSERT INTO django_admin_log VALUES(106,'4','  Javi y Jaime | 2024-06-10 | 12:00 ',1,'[{"added": {}}]',12,1,'2024-06-10 18:14:21.155487');
INSERT INTO django_admin_log VALUES(107,'5',' 2024-06-10 | 0:00',1,'[{"added": {}}]',12,1,'2024-06-10 18:24:27.603290');
INSERT INTO django_admin_log VALUES(108,'3',' 2024-06-05 | 1:00',3,'',12,1,'2024-06-10 18:24:35.097878');
INSERT INTO django_admin_log VALUES(109,'6',' 2024-06-10 | 6:00',1,'[{"added": {}}]',12,1,'2024-06-10 18:45:21.600511');
INSERT INTO django_admin_log VALUES(110,'2',' 2024-06-05 | 2:00',3,'',12,1,'2024-06-10 18:45:33.308594');
INSERT INTO django_admin_log VALUES(111,'None','fdsf sfdf',1,'[{"added": {}}]',7,6,'2024-06-10 20:02:06.308721');
INSERT INTO django_admin_log VALUES(112,'4','Belén :)',1,'[{"added": {}}]',7,6,'2024-06-11 15:43:21.601802');
INSERT INTO django_admin_log VALUES(113,'1',' Javi y Jaime',2,'[{"changed": {"fields": ["Clientes"]}}]',9,1,'2024-06-14 15:42:21.357213');
INSERT INTO django_admin_log VALUES(114,'7','  Javi y Jaime | 2024-06-18 | 17:00 ',1,'[{"added": {}}]',12,1,'2024-06-14 15:43:25.227351');
INSERT INTO django_admin_log VALUES(115,'1','  Javi y Jaime | 2024-06-07 | 10:00 ',3,'',12,1,'2024-06-14 15:43:43.770346');
INSERT INTO django_admin_log VALUES(116,'8',' 2024-06-14 | 15:00',1,'[{"added": {}}, {"added": {"name": "group exercise set", "object": "Jal\u00f3n 1 mano con anilla | ldmjwj\u00bapw\u00ba"}}, {"added": {"name": "group exercise set", "object": "Elevaciones laterales mancuernas | wpfkemw"}}]',12,1,'2024-06-14 15:44:26.207384');
INSERT INTO django_admin_log VALUES(117,'8',' 2024-06-14 | 15:00',2,'[{"added": {"name": "group exercise set", "object": "Jal\u00f3n al pecho neutro | kndsfs"}}]',12,1,'2024-06-14 15:45:10.173215');
CREATE TABLE IF NOT EXISTS "django_content_type" ("id" integer NOT NULL PRIMARY KEY AUTOINCREMENT, "app_label" varchar(100) NOT NULL, "model" varchar(100) NOT NULL);
INSERT INTO django_content_type VALUES(1,'admin','logentry');
INSERT INTO django_content_type VALUES(2,'auth','permission');
INSERT INTO django_content_type VALUES(3,'auth','group');
INSERT INTO django_content_type VALUES(4,'auth','user');
INSERT INTO django_content_type VALUES(5,'contenttypes','contenttype');
INSERT INTO django_content_type VALUES(6,'sessions','session');
INSERT INTO django_content_type VALUES(7,'client','client');
INSERT INTO django_content_type VALUES(8,'coach','coach');
INSERT INTO django_content_type VALUES(9,'training','namedgroup');
INSERT INTO django_content_type VALUES(10,'training','basepersonaltraining');
INSERT INTO django_content_type VALUES(11,'training','onlinetraining');
INSERT INTO django_content_type VALUES(12,'training','grouptraining');
INSERT INTO django_content_type VALUES(13,'training','persongrouptraining');
INSERT INTO django_content_type VALUES(14,'exercise','exerciseset');
INSERT INTO django_content_type VALUES(15,'exercise','method');
INSERT INTO django_content_type VALUES(16,'exercise','objective');
INSERT INTO django_content_type VALUES(17,'exercise','exercise');
INSERT INTO django_content_type VALUES(18,'exercise','musculargroup');
INSERT INTO django_content_type VALUES(19,'exercise','onlineexerciseset');
INSERT INTO django_content_type VALUES(20,'exercise','groupexerciseset');
INSERT INTO django_content_type VALUES(21,'exercise','groupset');
INSERT INTO django_content_type VALUES(22,'reports','report');
CREATE TABLE IF NOT EXISTS "auth_permission" ("id" integer NOT NULL PRIMARY KEY AUTOINCREMENT, "content_type_id" integer NOT NULL REFERENCES "django_content_type" ("id") DEFERRABLE INITIALLY DEFERRED, "codename" varchar(100) NOT NULL, "name" varchar(255) NOT NULL);
INSERT INTO auth_permission VALUES(1,1,'add_logentry','Can add log entry');
INSERT INTO auth_permission VALUES(2,1,'change_logentry','Can change log entry');
INSERT INTO auth_permission VALUES(3,1,'delete_logentry','Can delete log entry');
INSERT INTO auth_permission VALUES(4,1,'view_logentry','Can view log entry');
INSERT INTO auth_permission VALUES(5,2,'add_permission','Can add permission');
INSERT INTO auth_permission VALUES(6,2,'change_permission','Can change permission');
INSERT INTO auth_permission VALUES(7,2,'delete_permission','Can delete permission');
INSERT INTO auth_permission VALUES(8,2,'view_permission','Can view permission');
INSERT INTO auth_permission VALUES(9,3,'add_group','Can add group');
INSERT INTO auth_permission VALUES(10,3,'change_group','Can change group');
INSERT INTO auth_permission VALUES(11,3,'delete_group','Can delete group');
INSERT INTO auth_permission VALUES(12,3,'view_group','Can view group');
INSERT INTO auth_permission VALUES(13,4,'add_user','Can add user');
INSERT INTO auth_permission VALUES(14,4,'change_user','Can change user');
INSERT INTO auth_permission VALUES(15,4,'delete_user','Can delete user');
INSERT INTO auth_permission VALUES(16,4,'view_user','Can view user');
INSERT INTO auth_permission VALUES(17,5,'add_contenttype','Can add content type');
INSERT INTO auth_permission VALUES(18,5,'change_contenttype','Can change content type');
INSERT INTO auth_permission VALUES(19,5,'delete_contenttype','Can delete content type');
INSERT INTO auth_permission VALUES(20,5,'view_contenttype','Can view content type');
INSERT INTO auth_permission VALUES(21,6,'add_session','Can add session');
INSERT INTO auth_permission VALUES(22,6,'change_session','Can change session');
INSERT INTO auth_permission VALUES(23,6,'delete_session','Can delete session');
INSERT INTO auth_permission VALUES(24,6,'view_session','Can view session');
INSERT INTO auth_permission VALUES(25,7,'add_client','Can add client');
INSERT INTO auth_permission VALUES(26,7,'change_client','Can change client');
INSERT INTO auth_permission VALUES(27,7,'delete_client','Can delete client');
INSERT INTO auth_permission VALUES(28,7,'view_client','Can view client');
INSERT INTO auth_permission VALUES(29,8,'add_coach','Can add coach');
INSERT INTO auth_permission VALUES(30,8,'change_coach','Can change coach');
INSERT INTO auth_permission VALUES(31,8,'delete_coach','Can delete coach');
INSERT INTO auth_permission VALUES(32,8,'view_coach','Can view coach');
INSERT INTO auth_permission VALUES(33,9,'add_namedgroup','Can add named group');
INSERT INTO auth_permission VALUES(34,9,'change_namedgroup','Can change named group');
INSERT INTO auth_permission VALUES(35,9,'delete_namedgroup','Can delete named group');
INSERT INTO auth_permission VALUES(36,9,'view_namedgroup','Can view named group');
INSERT INTO auth_permission VALUES(37,10,'add_basepersonaltraining','Can add base personal training');
INSERT INTO auth_permission VALUES(38,10,'change_basepersonaltraining','Can change base personal training');
INSERT INTO auth_permission VALUES(39,10,'delete_basepersonaltraining','Can delete base personal training');
INSERT INTO auth_permission VALUES(40,10,'view_basepersonaltraining','Can view base personal training');
INSERT INTO auth_permission VALUES(41,11,'add_onlinetraining','Can add online training');
INSERT INTO auth_permission VALUES(42,11,'change_onlinetraining','Can change online training');
INSERT INTO auth_permission VALUES(43,11,'delete_onlinetraining','Can delete online training');
INSERT INTO auth_permission VALUES(44,11,'view_onlinetraining','Can view online training');
INSERT INTO auth_permission VALUES(45,12,'add_grouptraining','Can add group training');
INSERT INTO auth_permission VALUES(46,12,'change_grouptraining','Can change group training');
INSERT INTO auth_permission VALUES(47,12,'delete_grouptraining','Can delete group training');
INSERT INTO auth_permission VALUES(48,12,'view_grouptraining','Can view group training');
INSERT INTO auth_permission VALUES(49,13,'add_persongrouptraining','Can add person group training');
INSERT INTO auth_permission VALUES(50,13,'change_persongrouptraining','Can change person group training');
INSERT INTO auth_permission VALUES(51,13,'delete_persongrouptraining','Can delete person group training');
INSERT INTO auth_permission VALUES(52,13,'view_persongrouptraining','Can view person group training');
INSERT INTO auth_permission VALUES(53,14,'add_exerciseset','Can add exercise set');
INSERT INTO auth_permission VALUES(54,14,'change_exerciseset','Can change exercise set');
INSERT INTO auth_permission VALUES(55,14,'delete_exerciseset','Can delete exercise set');
INSERT INTO auth_permission VALUES(56,14,'view_exerciseset','Can view exercise set');
INSERT INTO auth_permission VALUES(57,15,'add_method','Can add method');
INSERT INTO auth_permission VALUES(58,15,'change_method','Can change method');
INSERT INTO auth_permission VALUES(59,15,'delete_method','Can delete method');
INSERT INTO auth_permission VALUES(60,15,'view_method','Can view method');
INSERT INTO auth_permission VALUES(61,16,'add_objective','Can add objective');
INSERT INTO auth_permission VALUES(62,16,'change_objective','Can change objective');
INSERT INTO auth_permission VALUES(63,16,'delete_objective','Can delete objective');
INSERT INTO auth_permission VALUES(64,16,'view_objective','Can view objective');
INSERT INTO auth_permission VALUES(65,17,'add_exercise','Can add exercise');
INSERT INTO auth_permission VALUES(66,17,'change_exercise','Can change exercise');
INSERT INTO auth_permission VALUES(67,17,'delete_exercise','Can delete exercise');
INSERT INTO auth_permission VALUES(68,17,'view_exercise','Can view exercise');
INSERT INTO auth_permission VALUES(69,18,'add_musculargroup','Can add muscular group');
INSERT INTO auth_permission VALUES(70,18,'change_musculargroup','Can change muscular group');
INSERT INTO auth_permission VALUES(71,18,'delete_musculargroup','Can delete muscular group');
INSERT INTO auth_permission VALUES(72,18,'view_musculargroup','Can view muscular group');
INSERT INTO auth_permission VALUES(73,19,'add_onlineexerciseset','Can add online exercise set');
INSERT INTO auth_permission VALUES(74,19,'change_onlineexerciseset','Can change online exercise set');
INSERT INTO auth_permission VALUES(75,19,'delete_onlineexerciseset','Can delete online exercise set');
INSERT INTO auth_permission VALUES(76,19,'view_onlineexerciseset','Can view online exercise set');
INSERT INTO auth_permission VALUES(77,20,'add_groupexerciseset','Can add group exercise set');
INSERT INTO auth_permission VALUES(78,20,'change_groupexerciseset','Can change group exercise set');
INSERT INTO auth_permission VALUES(79,20,'delete_groupexerciseset','Can delete group exercise set');
INSERT INTO auth_permission VALUES(80,20,'view_groupexerciseset','Can view group exercise set');
INSERT INTO auth_permission VALUES(81,21,'add_groupset','Can add group set');
INSERT INTO auth_permission VALUES(82,21,'change_groupset','Can change group set');
INSERT INTO auth_permission VALUES(83,21,'delete_groupset','Can delete group set');
INSERT INTO auth_permission VALUES(84,21,'view_groupset','Can view group set');
INSERT INTO auth_permission VALUES(85,22,'add_report','Can add report');
INSERT INTO auth_permission VALUES(86,22,'change_report','Can change report');
INSERT INTO auth_permission VALUES(87,22,'delete_report','Can delete report');
INSERT INTO auth_permission VALUES(88,22,'view_report','Can view report');
CREATE TABLE IF NOT EXISTS "auth_group" ("id" integer NOT NULL PRIMARY KEY AUTOINCREMENT, "name" varchar(150) NOT NULL UNIQUE);
INSERT INTO auth_group VALUES(1,'Coach');
INSERT INTO auth_group VALUES(2,'Client');
CREATE TABLE IF NOT EXISTS "auth_user" ("id" integer NOT NULL PRIMARY KEY AUTOINCREMENT, "password" varchar(128) NOT NULL, "last_login" datetime NULL, "is_superuser" bool NOT NULL, "username" varchar(150) NOT NULL UNIQUE, "last_name" varchar(150) NOT NULL, "email" varchar(254) NOT NULL, "is_staff" bool NOT NULL, "is_active" bool NOT NULL, "date_joined" datetime NOT NULL, "first_name" varchar(150) NOT NULL);
INSERT INTO auth_user VALUES(1,'pbkdf2_sha256$720000$bsnXIVJYDR2Aa6xG5R9U8g$SkUL1Kjbal3M1KWX44RK9pfdb3i1tcDwtfiLyLDfOB8=','2024-06-19 07:32:37.028779',1,'admin1234','','',1,1,'2024-06-03 21:38:12.569992','');
INSERT INTO auth_user VALUES(2,'pbkdf2_sha256$720000$l3d7QOvUHMNUKdOvlqCli3$sE2EGuyW0sLE7GdgTRmnCIbA80IgnlnPlBhMzQTBmNI=',NULL,0,'Prueba-cli','','',0,1,'2024-06-03 21:56:20','');
INSERT INTO auth_user VALUES(3,'pbkdf2_sha256$720000$g9BBZVKjHZcrMd4q0lYHUN$nL6JQOFPAtM624GAj/iEoi2ylb/zXKnx/D2pMlxpzsY=',NULL,0,'Prueba-co','','',1,1,'2024-06-03 21:56:48','');
INSERT INTO auth_user VALUES(4,'pbkdf2_sha256$720000$9l8FZGFHTVC82AW30aplPX$Sbii6wrjnZXMK26z8yZzbrKLM7AEkSXJzCN/S4kNJmU=',NULL,0,'Prueba-cli2','','',0,1,'2024-06-04 17:08:58','');
INSERT INTO auth_user VALUES(5,'pbkdf2_sha256$720000$RivojyW7J868iNgcnRmXXU$J3jhiuG9XMpCUtxmU0yO2aOaXZIRbb/u346uwNrczyI=',NULL,0,'PedroPE','','',0,1,'2024-06-07 11:21:12','');
INSERT INTO auth_user VALUES(6,'pbkdf2_sha256$720000$r0pINgyrYmyMufsADbGIvw$fltkXaDxs0iif/oWnbw4DFsLZCzAJr+kV25/QXdq35A=','2024-06-17 18:59:29.581788',0,'sergio','González','',1,1,'2024-06-07 11:22:39','Sergio');
INSERT INTO auth_user VALUES(8,'pbkdf2_sha256$720000$govfjqCZ9D6uramYnjgz0c$pulQxPzs1VGKJ8qPwQWVR0ym7GtW+gxSj4Bilm0qM9A=','2024-06-17 18:59:58.295665',0,'BelenBRC','','',0,1,'2024-06-10 17:11:57.518315','');
INSERT INTO auth_user VALUES(9,'pbkdf2_sha256$720000$Bu0qeCTTuQSMyX5znWGxPz$PcAy4xXYvXCfBeNbyG+KSUFebHQ/Htnt+OtRBtpJqfE=','2024-06-14 21:22:46.951093',0,'belen','','bel@fk.com',0,1,'2024-06-10 17:23:44.985707','');
CREATE TABLE IF NOT EXISTS "django_session" ("session_key" varchar(40) NOT NULL PRIMARY KEY, "session_data" text NOT NULL, "expire_date" datetime NOT NULL);
INSERT INTO django_session VALUES('u8v1vl6wqjlm7tafqo4j3vk6fb3jrrs2','.eJxVjEEOwiAQRe_C2pAZSgu4dO8ZCDCDVA0kpV0Z765NutDtf-_9l_BhW4vfOi9-JnEWKE6_WwzpwXUHdA_11mRqdV3mKHdFHrTLayN-Xg7376CEXr61mhJaApdTVsyjyTxoTOxM1knpoAkQJnKDsRYMaByQIZJ12o1kQ0Tx_gDi7Dd4:1sEFO1:GpMz_yyhMLWAihtHCt7gOiUJ-a_0E1gUQ6xw2NYDQiE','2024-06-17 21:38:37.215702');
INSERT INTO django_session VALUES('gk628tjgdzot5ri0vecfi7ln7fapnntu','.eJxVjEEOwiAQRe_C2pAZSgu4dO8ZCDCDVA0kpV0Z765NutDtf-_9l_BhW4vfOi9-JnEWKE6_WwzpwXUHdA_11mRqdV3mKHdFHrTLayN-Xg7376CEXr61mhJaApdTVsyjyTxoTOxM1knpoAkQJnKDsRYMaByQIZJ12o1kQ0Tx_gDi7Dd4:1sEX87:avef21PWVQs_WLYTYr3pXHH8r3tvsq86FTT0YoCuvtI','2024-06-18 16:35:23.534882');
INSERT INTO django_session VALUES('vlta928f54glhbifhwl2i8bf1hnkzc5h','.eJxVjEEOwiAQRe_C2pAZSgu4dO8ZCDCDVA0kpV0Z765NutDtf-_9l_BhW4vfOi9-JnEWKE6_WwzpwXUHdA_11mRqdV3mKHdFHrTLayN-Xg7376CEXr61mhJaApdTVsyjyTxoTOxM1knpoAkQJnKDsRYMaByQIZJ12o1kQ0Tx_gDi7Dd4:1sEXPL:iXB_69pqEEoC5zmtecVoohkzT4G939dcS7Qfa9TgWzQ','2024-06-18 16:53:11.473274');
INSERT INTO django_session VALUES('657yzkm1i2n8my8qz8x3p9y06kcz9t9s','.eJxVjEEOwiAQRe_C2pAZSgu4dO8ZCDCDVA0kpV0Z765NutDtf-_9l_BhW4vfOi9-JnEWKE6_WwzpwXUHdA_11mRqdV3mKHdFHrTLayN-Xg7376CEXr61mhJaApdTVsyjyTxoTOxM1knpoAkQJnKDsRYMaByQIZJ12o1kQ0Tx_gDi7Dd4:1sEulX:XaDsZx9b5k4E-hp8Nwx2xMKplmjOYWkK39_1lTSBiF8','2024-06-19 17:49:39.938575');
INSERT INTO django_session VALUES('t61r27devxu0jm1s2tj3sgxdhnmecfvk','.eJxVjEEOwiAQRe_C2pAZSgu4dO8ZCDCDVA0kpV0Z765NutDtf-_9l_BhW4vfOi9-JnEWKE6_WwzpwXUHdA_11mRqdV3mKHdFHrTLayN-Xg7376CEXr61mhJaApdTVsyjyTxoTOxM1knpoAkQJnKDsRYMaByQIZJ12o1kQ0Tx_gDi7Dd4:1sFGYf:4OLrHyeOcMA8Yd_0jxu9_bH_9hKkpF0e8xk1CmNzYfw','2024-06-20 17:05:49.289903');
INSERT INTO django_session VALUES('nmybfvxvpvivdu3te7ufe88hq3x37grd','.eJxVjMsOwiAQRf-FtSHCUB4u3fcbyMAMUjU0Ke3K-O_apAvd3nPOfYmI21rj1nmJE4mLsOL0uyXMD247oDu22yzz3NZlSnJX5EG7HGfi5_Vw_w4q9vqtsZRMjgc2pDycIQc7-OQNglPoc1JGgc6OybMupRhiAyq5EDT4YgnE-wMAAzhJ:1sFXx2:flNnrDOX8QLfwvsnU_1NPOzC7X24yNwur_spW5Sc-kY','2024-06-21 11:40:08.834738');
INSERT INTO django_session VALUES('og05p69rukdtmlk5cspipjbdvqmil018','.eJxVjEEOwiAQRe_C2pAZSgu4dO8ZCDCDVA0kpV0Z765NutDtf-_9l_BhW4vfOi9-JnEWKE6_WwzpwXUHdA_11mRqdV3mKHdFHrTLayN-Xg7376CEXr61mhJaApdTVsyjyTxoTOxM1knpoAkQJnKDsRYMaByQIZJ12o1kQ0Tx_gDi7Dd4:1sGlE4:uiE7Mc0vbFIui69UJfV9UKQd1ecl2hfiZ-J3r8LeQ-4','2024-06-24 20:02:44.461193');
INSERT INTO django_session VALUES('hcelx6t2nnvosd55678ble6erx59638i','e30:1sH2ft:Ml0bjZXv3_XeCMrgxkyIgDypBLVgzhqun5i9Ro3Py9Q','2024-06-25 14:40:37.038144');
INSERT INTO django_session VALUES('0q6fkrt6z0z6t1t2goao93ookfm0pn07','e30:1sH2jC:LjyZq3I_cCWDievymeZYFmBCadpRkD2Me1BH6tgK8_I','2024-06-25 14:44:02.371923');
INSERT INTO django_session VALUES('i1ffs6t9mf7y6c61ncf02k78mbc74yu9','e30:1sH3fI:u9melkf2ZnSXmPDdpijvH14msrMy6wB5MWSzdX2uR68','2024-06-25 15:44:04.751425');
INSERT INTO django_session VALUES('laynmzxeipwt017vko7pv93li2qsk2im','e30:1sH3i6:EQuiGvWViVkND6Obdz5ZuQYwCKWonzKWo-4YZIyacso','2024-06-25 15:46:58.057409');
INSERT INTO django_session VALUES('3zudb5lk7yqzoae7mpgh4yligdpnrjz4','e30:1sH3j8:iXPIG-bFwlTe-eksOJYUiDqaHDLtoxqE2cdWfWce2Dk','2024-06-25 15:48:02.520375');
INSERT INTO django_session VALUES('doro9v0uyevbleu1zr9ex7957ca0judb','e30:1sH52h:bi9HSm5WJL8nSjFNXnf5JoMGOpeFqwUIPYf2VZZTCdA','2024-06-25 17:12:19.370352');
INSERT INTO django_session VALUES('v5wc2wuton7wndd9u4ze89t6f0s34v0t','.eJxVjDsOwjAQBe_iGln-fyjpOYPlXW9wANlSnFSIu0OkFNC-mXkvlvK21rQNWtJc2JkFdvrdIOOD2g7KPbdb59jbuszAd4UfdPBrL_S8HO7fQc2jfusI6ILNEb0lJwVgsIo8QpREbpKmOBGMclZbr1XwYDRNUSlHuQihtWfvD90INyg:1sH559:XWdWW5d8Ir_SN1fndLOpNHsl9ElDbM4uoQL7mRQRXcc','2024-06-25 17:14:51.532449');
INSERT INTO django_session VALUES('irir9rqbbuq7rb2z3927mucwdv8dtyp8','.eJxVjMEOwiAQRP-FsyFAKYJH734D2V0WqRpISnsy_rtt0oMeZ96beYsI61Li2nmOUxIXocXpt0OgJ9cdpAfUe5PU6jJPKHdFHrTLW0v8uh7u30GBXrY1ZzRmQMtkjEcajfXKkPXslNKkkYYAOJ4xU4AQHG1h8OidQ1SQOIvPF_EpOLE:1sJdoX:mr4thUUrYqRg-wcJKzTmZkwSE-OdK2L70C0_ZXVi5yg','2024-07-02 18:44:17.245513');
INSERT INTO django_session VALUES('fexl1w8s55hhosqkttse0cw14knasc12','.eJxVjMEOwiAQRP-FsyFAKYJH734D2V0WqRpISnsy_rtt0oMeZ96beYsI61Li2nmOUxIXocXpt0OgJ9cdpAfUe5PU6jJPKHdFHrTLW0v8uh7u30GBXrY1ZzRmQMtkjEcajfXKkPXslNKkkYYAOJ4xU4AQHG1h8OidQ1SQOIvPF_EpOLE:1sJpo5:5JXuJPoDKUOJ51kBo8Fx0vgPTVg6UX9Q4vFlJYRi0Eg','2024-07-03 07:32:37.039355');
CREATE TABLE IF NOT EXISTS "training_namedgroup" ("id" integer NOT NULL PRIMARY KEY AUTOINCREMENT, "name" varchar(50) NULL);
INSERT INTO training_namedgroup VALUES(1,'Javi y Jaime');
INSERT INTO training_namedgroup VALUES(3,'New');
INSERT INTO training_namedgroup VALUES(5,'Otro');
CREATE TABLE IF NOT EXISTS "training_namedgroup_components" ("id" integer NOT NULL PRIMARY KEY AUTOINCREMENT, "namedgroup_id" bigint NOT NULL REFERENCES "training_namedgroup" ("id") DEFERRABLE INITIALLY DEFERRED, "client_id" bigint NOT NULL REFERENCES "client_client" ("id") DEFERRABLE INITIALLY DEFERRED);
INSERT INTO training_namedgroup_components VALUES(1,3,1);
INSERT INTO training_namedgroup_components VALUES(2,3,2);
INSERT INTO training_namedgroup_components VALUES(3,1,1);
INSERT INTO training_namedgroup_components VALUES(4,1,2);
INSERT INTO training_namedgroup_components VALUES(6,5,1);
INSERT INTO training_namedgroup_components VALUES(7,1,3);
CREATE TABLE IF NOT EXISTS "training_onlinetraining" ("basepersonaltraining_ptr_id" bigint NOT NULL PRIMARY KEY REFERENCES "training_basepersonaltraining" ("id") DEFERRABLE INITIALLY DEFERRED, "month" smallint unsigned NOT NULL CHECK ("month" >= 0), "week" smallint unsigned NULL CHECK ("week" >= 0), "year" smallint unsigned NOT NULL CHECK ("year" >= 0));
INSERT INTO training_onlinetraining VALUES(1,6,NULL,2024);
CREATE TABLE IF NOT EXISTS "training_grouptraining_components" ("id" integer NOT NULL PRIMARY KEY AUTOINCREMENT, "grouptraining_id" bigint NOT NULL REFERENCES "training_grouptraining" ("id") DEFERRABLE INITIALLY DEFERRED, "client_id" bigint NOT NULL REFERENCES "client_client" ("id") DEFERRABLE INITIALLY DEFERRED);
INSERT INTO training_grouptraining_components VALUES(4,5,1);
INSERT INTO training_grouptraining_components VALUES(5,6,1);
INSERT INTO training_grouptraining_components VALUES(6,8,1);
INSERT INTO training_grouptraining_components VALUES(7,8,3);
INSERT INTO training_grouptraining_components VALUES(8,8,4);
CREATE TABLE IF NOT EXISTS "coach_coach" ("id" integer NOT NULL PRIMARY KEY AUTOINCREMENT, "user_id" integer NOT NULL UNIQUE REFERENCES "auth_user" ("id") DEFERRABLE INITIALLY DEFERRED, "first_name" varchar(100) NOT NULL, "last_name" varchar(100) NOT NULL);
INSERT INTO coach_coach VALUES(1,3,'Entrenador','Primerito');
INSERT INTO coach_coach VALUES(2,6,'Sergio','González');
CREATE TABLE IF NOT EXISTS "client_client" ("id" integer NOT NULL PRIMARY KEY AUTOINCREMENT, "birthdate" date NOT NULL, "city" varchar(100) NOT NULL, "coach_id" bigint NOT NULL REFERENCES "coach_coach" ("id") DEFERRABLE INITIALLY DEFERRED, "user_id" integer NOT NULL UNIQUE REFERENCES "auth_user" ("id") DEFERRABLE INITIALLY DEFERRED, "first_name" varchar(100) NOT NULL, "last_name" varchar(100) NOT NULL, "occupation" varchar(100) NULL);
INSERT INTO client_client VALUES(1,'2000-06-03','Alicante',1,2,'Cliente1','Primer cliente','Parado');
INSERT INTO client_client VALUES(2,'1995-06-04','Badajoz',1,4,'Cliente2','Prueba2','Alguna');
INSERT INTO client_client VALUES(3,'1994-06-10','Madrid',2,5,'Pedro','Pérez Escribano','Policía');
INSERT INTO client_client VALUES(4,'2004-06-03','sfdfda',2,8,'Belén',':)','sdfdsfs');
CREATE TABLE IF NOT EXISTS "exercise_exercise" ("id" integer NOT NULL PRIMARY KEY AUTOINCREMENT, "name" varchar(100) NOT NULL, "description" text NULL, "video" varchar(200) NULL, "muscular_group_id" bigint NULL REFERENCES "exercise_musculargroup" ("id") DEFERRABLE INITIALLY DEFERRED, "objective_id" bigint NULL REFERENCES "exercise_objective" ("id") DEFERRABLE INITIALLY DEFERRED);
INSERT INTO exercise_exercise VALUES(1,'Dominadas neutras','','https://youtube.com/shorts/6qoExAqjbW4?feature=share',1,10);
INSERT INTO exercise_exercise VALUES(2,'Jalón 1 mano con anilla','','https://youtube.com/shorts/QKs13XcmvXk?feature=share',1,4);
INSERT INTO exercise_exercise VALUES(3,'Jalón al pecho neutro','','https://youtube.com/shorts/NKIMJ0PHlxU?feature=share',1,NULL);
INSERT INTO exercise_exercise VALUES(4,'Aperturas con mancuernas','fsdf','https://youtube.com/shorts/JGNrHCXUqHY?si=_rRo9rvT1fxsyCnY',2,NULL);
INSERT INTO exercise_exercise VALUES(5,'Elevaciones laterales mancuernas','','https://youtube.com/shorts/4QhsMVyt2gI?feature=share',3,8);
INSERT INTO exercise_exercise VALUES(6,'Martillo con mancuernas','','https://youtube.com/shorts/lgjw4NRAKMA?feature=share',4,NULL);
INSERT INTO exercise_exercise VALUES(7,'Extensión trasnuca mancuerna 1 mano','','https://youtube.com/shorts/oO_Yn0Wijmc?feature=share',5,NULL);
INSERT INTO exercise_exercise VALUES(8,'Jaca','','https://youtube.com/shorts/0C2wWFZZlA0?feature=share',6,NULL);
INSERT INTO exercise_exercise VALUES(9,'Curl femoral de pie','','https://youtube.com/shorts/YV4t9Rh9BJA?si=M2g_PnjePqorZWdK',7,NULL);
INSERT INTO exercise_exercise VALUES(10,'Hip Thrust','','https://youtube.com/shorts/uH8qCPQ-pac?feature=share',8,NULL);
INSERT INTO exercise_exercise VALUES(11,'Sumo DL Landmine','','https://youtube.com/shorts/p8JIz-a29XI?si=VYmrTRdQ7dzo-ds6',8,NULL);
INSERT INTO exercise_exercise VALUES(12,'Elevación de talones en Step','',NULL,9,5);
INSERT INTO exercise_exercise VALUES(13,'AAAAAA este es nuevo',NULL,NULL,NULL,NULL);
INSERT INTO exercise_exercise VALUES(14,'Aa otro nuevo','kijsdpj','',4,1);
CREATE TABLE IF NOT EXISTS "exercise_method" ("id" integer NOT NULL PRIMARY KEY AUTOINCREMENT, "description" text NULL, "name" varchar(100) NOT NULL UNIQUE);
INSERT INTO exercise_method VALUES(1,'Todas las series con el mismo peso','Lineal');
INSERT INTO exercise_method VALUES(2,'Tras las repeticiones marcadas, reduce un 20% el peso y haz las repeticiones que puedas hasta el fallo','Descendente');
INSERT INTO exercise_method VALUES(3,'Trabaja con una cadencia lenta de 3 segundos en cada fase del movimiento','Tempo');
INSERT INTO exercise_method VALUES(4,'Inicia al movimiento desde parado en cada repetición','Dead Stop');
INSERT INTO exercise_method VALUES(5,'Tras las repeticiones pautadas, descansa 20" y sin cambiar el peso realiza repeticiones al fallo','Rest Pause');
INSERT INTO exercise_method VALUES(6,'Realiza 20 repeticiones normales, descasa 5-10", realiza 5 lentas, descansa 5-10", realiza 5 rápidas','Myo Reps');
INSERT INTO exercise_method VALUES(7,'Realiza 7 series de 10-12 repeticiones con solo 20-30" de descanso entre series','FST7');
CREATE TABLE IF NOT EXISTS "exercise_musculargroup" ("id" integer NOT NULL PRIMARY KEY AUTOINCREMENT, "name" varchar(100) NOT NULL UNIQUE);
INSERT INTO exercise_musculargroup VALUES(1,'ESPALDA');
INSERT INTO exercise_musculargroup VALUES(2,'PECTORAL');
INSERT INTO exercise_musculargroup VALUES(3,'HOMBRO');
INSERT INTO exercise_musculargroup VALUES(4,'BÍCEPS');
INSERT INTO exercise_musculargroup VALUES(5,'TRÍCEPS');
INSERT INTO exercise_musculargroup VALUES(6,'CUÁDRICEPS');
INSERT INTO exercise_musculargroup VALUES(7,'ISQUIOS');
INSERT INTO exercise_musculargroup VALUES(8,'GLÚTEO');
INSERT INTO exercise_musculargroup VALUES(9,'GEMELO_SÓLEO');
CREATE TABLE IF NOT EXISTS "exercise_objective" ("id" integer NOT NULL PRIMARY KEY AUTOINCREMENT, "name" varchar(100) NOT NULL UNIQUE);
INSERT INTO exercise_objective VALUES(1,'WARM UP');
INSERT INTO exercise_objective VALUES(2,'ACT');
INSERT INTO exercise_objective VALUES(3,'PRESS');
INSERT INTO exercise_objective VALUES(4,'PULL');
INSERT INTO exercise_objective VALUES(5,'LEGS');
INSERT INTO exercise_objective VALUES(6,'PUSH');
INSERT INTO exercise_objective VALUES(7,'HIIT');
INSERT INTO exercise_objective VALUES(8,'PLYO');
INSERT INTO exercise_objective VALUES(9,'POT');
INSERT INTO exercise_objective VALUES(10,'FUERZA');
INSERT INTO exercise_objective VALUES(11,'ISQUIO');
INSERT INTO exercise_objective VALUES(13,'RETURN TO PLAY');
INSERT INTO exercise_objective VALUES(14,'GL');
CREATE TABLE IF NOT EXISTS "exercise_onlineexerciseset" ("exerciseset_ptr_id" bigint NOT NULL PRIMARY KEY REFERENCES "exercise_exerciseset" ("id") DEFERRABLE INITIALLY DEFERRED, "online_training_id" bigint NOT NULL REFERENCES "training_onlinetraining" ("basepersonaltraining_ptr_id") DEFERRABLE INITIALLY DEFERRED);
INSERT INTO exercise_onlineexerciseset VALUES(1,1);
INSERT INTO exercise_onlineexerciseset VALUES(2,1);
CREATE TABLE IF NOT EXISTS "training_basepersonaltraining" ("id" integer NOT NULL PRIMARY KEY AUTOINCREMENT, "description" text NULL, "client_id" bigint NOT NULL REFERENCES "client_client" ("id") DEFERRABLE INITIALLY DEFERRED, "duration" varchar(50) NULL);
INSERT INTO training_basepersonaltraining VALUES(1,'Cosos',1,'si');
CREATE TABLE IF NOT EXISTS "exercise_exerciseset" ("id" integer NOT NULL PRIMARY KEY AUTOINCREMENT, "series_per_repetitions" varchar(50) NULL, "observations" text NULL, "exercise_id" bigint NOT NULL REFERENCES "exercise_exercise" ("id") DEFERRABLE INITIALLY DEFERRED, "execution_method_id" bigint NULL REFERENCES "exercise_method" ("id") DEFERRABLE INITIALLY DEFERRED, "rest" varchar(50) NULL);
INSERT INTO exercise_exerciseset VALUES(1,'2x30'''' | 3 x 20''''','fdsfdsf',9,7,'10''''');
INSERT INTO exercise_exerciseset VALUES(2,'10x20'''' | 4x10''''','egtgtg',6,NULL,'5''''');
INSERT INTO exercise_exerciseset VALUES(3,'ldmjwjºpwº',NULL,2,NULL,'34''''');
INSERT INTO exercise_exerciseset VALUES(4,'wpfkemw',NULL,5,NULL,'20''''');
INSERT INTO exercise_exerciseset VALUES(5,'kndsfs',NULL,3,NULL,'10''''');
CREATE TABLE IF NOT EXISTS "exercise_groupexerciseset" ("exerciseset_ptr_id" bigint NOT NULL PRIMARY KEY REFERENCES "exercise_exerciseset" ("id") DEFERRABLE INITIALLY DEFERRED, "client_id" bigint NULL REFERENCES "client_client" ("id") DEFERRABLE INITIALLY DEFERRED, "group_training_id" bigint NULL REFERENCES "training_grouptraining" ("id") DEFERRABLE INITIALLY DEFERRED);
INSERT INTO exercise_groupexerciseset VALUES(3,4,8);
INSERT INTO exercise_groupexerciseset VALUES(4,4,8);
INSERT INTO exercise_groupexerciseset VALUES(5,3,8);
CREATE TABLE IF NOT EXISTS "reports_report" ("id" integer NOT NULL PRIMARY KEY AUTOINCREMENT, "date" date NOT NULL, "weight" real NOT NULL, "front_picture" varchar(100) NOT NULL, "left_side_picture" varchar(100) NOT NULL, "training_compliance" smallint unsigned NOT NULL CHECK ("training_compliance" >= 0), "training_satisfaction" smallint unsigned NOT NULL CHECK ("training_satisfaction" >= 0), "diet_compliance" smallint unsigned NOT NULL CHECK ("diet_compliance" >= 0), "diet_satisfaction" smallint unsigned NOT NULL CHECK ("diet_satisfaction" >= 0), "diet_changes" text NULL, "training_observations" text NULL, "other_observations" text NULL, "client_id" bigint NOT NULL REFERENCES "client_client" ("id") DEFERRABLE INITIALLY DEFERRED, "right_side_picture" varchar(100) NOT NULL);
INSERT INTO reports_report VALUES(1,'2024-06-06',71.5,'static/reports/1/2024.06.06-front.png','static/reports/1/2024.06.06-left.png',4,6,4,4,'Quitar los tomates y añadir polvorones.','Todo muy mal, me han dado agujetas.','Tengo hambre :'')',1,'static/reports/1/2024.06.06-right.png');
INSERT INTO reports_report VALUES(2,'2024-06-11',72.4500000000000028,'static/reports/4/2024.06.11-front.jpg','static/reports/4/2024.06.11-left.jpg',6,8,6,4,'','','',4,'static/reports/4/2024.06.11-right.jpg');
CREATE TABLE IF NOT EXISTS "training_grouptraining" ("id" integer NOT NULL PRIMARY KEY AUTOINCREMENT, "date" date NOT NULL, "hour" smallint unsigned NOT NULL CHECK ("hour" >= 0), "named_group_id" bigint NULL REFERENCES "training_namedgroup" ("id") DEFERRABLE INITIALLY DEFERRED, "group_coach_id" bigint NOT NULL REFERENCES "coach_coach" ("id") DEFERRABLE INITIALLY DEFERRED);
INSERT INTO training_grouptraining VALUES(4,'2024-06-10',12,1,2);
INSERT INTO training_grouptraining VALUES(5,'2024-06-10',0,NULL,1);
INSERT INTO training_grouptraining VALUES(6,'2024-06-10',6,NULL,1);
INSERT INTO training_grouptraining VALUES(7,'2024-06-18',17,1,1);
INSERT INTO training_grouptraining VALUES(8,'2024-06-14',15,NULL,1);
DELETE FROM sqlite_sequence;
INSERT INTO sqlite_sequence VALUES('django_migrations',47);
INSERT INTO sqlite_sequence VALUES('django_admin_log',117);
INSERT INTO sqlite_sequence VALUES('django_content_type',22);
INSERT INTO sqlite_sequence VALUES('auth_permission',88);
INSERT INTO sqlite_sequence VALUES('auth_group',2);
INSERT INTO sqlite_sequence VALUES('auth_user',9);
INSERT INTO sqlite_sequence VALUES('training_namedgroup',5);
INSERT INTO sqlite_sequence VALUES('training_namedgroup_components',7);
INSERT INTO sqlite_sequence VALUES('training_grouptraining_components',8);
INSERT INTO sqlite_sequence VALUES('coach_coach',2);
INSERT INTO sqlite_sequence VALUES('client_client',4);
INSERT INTO sqlite_sequence VALUES('exercise_method',7);
INSERT INTO sqlite_sequence VALUES('exercise_musculargroup',9);
INSERT INTO sqlite_sequence VALUES('exercise_objective',14);
INSERT INTO sqlite_sequence VALUES('exercise_exercise',14);
INSERT INTO sqlite_sequence VALUES('training_basepersonaltraining',1);
INSERT INTO sqlite_sequence VALUES('exercise_exerciseset',5);
INSERT INTO sqlite_sequence VALUES('reports_report',2);
INSERT INTO sqlite_sequence VALUES('auth_group_permissions',72);
INSERT INTO sqlite_sequence VALUES('auth_user_groups',7);
INSERT INTO sqlite_sequence VALUES('training_grouptraining',8);
CREATE UNIQUE INDEX "auth_group_permissions_group_id_permission_id_0cd325b0_uniq" ON "auth_group_permissions" ("group_id", "permission_id");
CREATE INDEX "auth_group_permissions_group_id_b120cbf9" ON "auth_group_permissions" ("group_id");
CREATE INDEX "auth_group_permissions_permission_id_84c5c92e" ON "auth_group_permissions" ("permission_id");
CREATE UNIQUE INDEX "auth_user_groups_user_id_group_id_94350c0c_uniq" ON "auth_user_groups" ("user_id", "group_id");
CREATE INDEX "auth_user_groups_user_id_6a12ed8b" ON "auth_user_groups" ("user_id");
CREATE INDEX "auth_user_groups_group_id_97559544" ON "auth_user_groups" ("group_id");
CREATE UNIQUE INDEX "auth_user_user_permissions_user_id_permission_id_14a6b632_uniq" ON "auth_user_user_permissions" ("user_id", "permission_id");
CREATE INDEX "auth_user_user_permissions_user_id_a95ead1b" ON "auth_user_user_permissions" ("user_id");
CREATE INDEX "auth_user_user_permissions_permission_id_1fbb5f2c" ON "auth_user_user_permissions" ("permission_id");
CREATE INDEX "django_admin_log_content_type_id_c4bce8eb" ON "django_admin_log" ("content_type_id");
CREATE INDEX "django_admin_log_user_id_c564eba6" ON "django_admin_log" ("user_id");
CREATE UNIQUE INDEX "django_content_type_app_label_model_76bd3d3b_uniq" ON "django_content_type" ("app_label", "model");
CREATE UNIQUE INDEX "auth_permission_content_type_id_codename_01ab375a_uniq" ON "auth_permission" ("content_type_id", "codename");
CREATE INDEX "auth_permission_content_type_id_2f476e4b" ON "auth_permission" ("content_type_id");
CREATE INDEX "django_session_expire_date_a5c62663" ON "django_session" ("expire_date");
CREATE UNIQUE INDEX "training_namedgroup_components_namedgroup_id_client_id_5beb6a5d_uniq" ON "training_namedgroup_components" ("namedgroup_id", "client_id");
CREATE INDEX "training_namedgroup_components_namedgroup_id_1aed8dd0" ON "training_namedgroup_components" ("namedgroup_id");
CREATE INDEX "training_namedgroup_components_client_id_27f19c5b" ON "training_namedgroup_components" ("client_id");
CREATE UNIQUE INDEX "training_grouptraining_components_grouptraining_id_client_id_2f8554d7_uniq" ON "training_grouptraining_components" ("grouptraining_id", "client_id");
CREATE INDEX "training_grouptraining_components_grouptraining_id_4c2cbb43" ON "training_grouptraining_components" ("grouptraining_id");
CREATE INDEX "training_grouptraining_components_client_id_36626bd4" ON "training_grouptraining_components" ("client_id");
CREATE INDEX "client_client_coach_id_b0a5c687" ON "client_client" ("coach_id");
CREATE INDEX "exercise_exercise_muscular_group_id_7949bc1c" ON "exercise_exercise" ("muscular_group_id");
CREATE INDEX "exercise_exercise_objective_id_33a3bb82" ON "exercise_exercise" ("objective_id");
CREATE INDEX "exercise_onlineexerciseset_online_training_id_1c38d403" ON "exercise_onlineexerciseset" ("online_training_id");
CREATE INDEX "training_basepersonaltraining_client_id_04a335a8" ON "training_basepersonaltraining" ("client_id");
CREATE INDEX "exercise_exerciseset_exercise_id_74e6544a" ON "exercise_exerciseset" ("exercise_id");
CREATE INDEX "exercise_exerciseset_execution_method_id_c46cf6a8" ON "exercise_exerciseset" ("execution_method_id");
CREATE INDEX "exercise_groupexerciseset_client_id_c87f0780" ON "exercise_groupexerciseset" ("client_id");
CREATE INDEX "exercise_groupexerciseset_group_training_id_63282951" ON "exercise_groupexerciseset" ("group_training_id");
CREATE INDEX "reports_report_client_id_27652e67" ON "reports_report" ("client_id");
CREATE INDEX "training_grouptraining_named_group_id_88efd600" ON "training_grouptraining" ("named_group_id");
CREATE INDEX "training_grouptraining_group_coach_id_3b434292" ON "training_grouptraining" ("group_coach_id");
COMMIT;
